Å¶1Ç¬ÇÃåöï®ÇÃélã˜ÇÃç¿ïWÇé¶Ç∑ÅB,,,,,,,,,,,,,,,,,,,,,,,,,,,,,,,,,,,
Å¶ínê}(ñkÇ™è„)Ç…ï`Ç©ÇÍÇƒÇ¢ÇÈåöï®ÇÃç∂è„Å®âEè„Å®ç∂â∫Å®âEâ∫ÇÃèáÇ≈élã˜ÇÃç¿ïWÇé¶Ç∑ÅB,,,,,,,,,,,,,,,,,,,,,,,,,,,,,,,,,,,
Å¶xÇÕåöï®ÇÃélã˜ÇÃxç¿ïWÇÅAyÇÕåöï®ÇÃélã˜ÇÃyç¿ïWÇÅAÇàÇÕåöï®ÇÃçÇÇ≥Çé¶Ç∑ÅB,,,,,,,,,,,,,,,,,,,,,,,,,,,,,,,,,,,
Å¶ç¿ïWÇÃå¥ì_ÇÕïΩòaí ÇËÇ∆èüéRí ÇËÇ™åÇÌÇÈãõí¨åç∑ì_ÇÃê^ÇÒíÜÇ≈Ç†ÇÈÅB,,,,,,,,,,,,,,,,,,,,,,,,,,,,,,,,,,,
,,x [m],y [m],h[m],,,x [m],y [m],h[m],,,x [m],y [m],h[m],,,x [m],y [m],h[m],,,x [m],y [m],h[m],âìï˚ÇÃçÇÇ¢ÉrÉã,,,,,,,,,,
,,-308.8,318.9,15,ëDì™í¨ÇRî‘,,-329.3,187.6,15,ãûí¨ÇPíöñ⁄ÇUî‘ín,,-124.2,264.1,8,ãûí¨ÇQíöñ⁄ÇRî‘ín,,-191.2,108.3,10,ãõí¨ÇPíöñ⁄ÇQî‘ín,,-288.2,478.4,39,êÛñÏ2íöñ⁄,,,,,,,,,,
,,-300.1,318.0,15,,,-320.3,186.1,15,,,-115.6,259.7,8,,,-170.2,104.3,10,,,-276.7,478.9,39,,,,,,,,,,,
,,-310.4,300.3,15,,,-330.8,183.6,15,,,-128.8,254.9,8,,,-193.1,97.7,10,,,-287.7,468.0,39,,,,,,,,,,,
,,-302.0,299.0,15,,,-321.3,179.7,15,,,-119.7,250.6,8,,,-171.8,93.9,10,,,-276.3,466.5,39,,,,,,,,,,,
,,-269.9,310.4,18,,,-315.6,196.4,11,,,-105.9,257.7,7,,,-194.1,96.7,14,,,-281.7,462.6,24,,,,,,,,,,,
,,-243.1,303.1,18,,,-302.8,193.7,11,,,-95.5,252.8,7,,,-172.1,92.9,14,,,-256.4,462.5,24,,,,,,,,,,,
,,-270.0,287.2,18,,,-317.5,187.6,11,,,-111.8,244.7,7,,,-197.9,77.2,14,,,-280.7,459.1,24,,,,,,,,,,,
,,-243.6,283.4,18,,,-304.7,184.9,11,,,-101.6,240.1,7,,,-175.6,72.9,14,,,-256.4,456.1,24,,,,,,,,,,,
,,-231.0,301.1,13,,,-286.6,192.2,5,,,-73.4,232.0,7,,,-168.7,103.2,15,,,-249.5,472.9,30,,,,,,,,,,,
,,-215.6,295.7,13,,,-272.5,189.8,5,,,-62.4,225.1,7,,,-160.8,101.9,15,,,-230.1,479.8,30,,,,,,,,,,,
,,-231.7,296.7,13,,,-287.9,184.2,5,,,-76.7,226.1,7,,,-174.6,73.4,15,,,-244.5,458.1,30,,,,,,,,,,,
,,-221.0,292.4,13,,,-273.9,181.5,5,,,-66.0,219.7,7,,,-166.5,71.7,15,,,-224.2,463.5,30,,,,,,,,,,,
,,-215.6,295.7,13,,,-271.0,190.5,8,,,-157.1,263.1,7,ãûí¨ÇQíöñ⁄ÇSî‘ín,,-198.4,75.9,15,,,-165.1,452.6,42,,,,,,,,,,,
,,-174.5,282.3,13,,,-235.9,185.2,8,,,-136.2,252.4,7,,,-172.9,70.8,15,,,-130.4,448.1,42,,,,,,,,,,,
,,-215.0,272.5,13,,,-274.6,165.2,8,,,-159.6,252.6,7,,,-203.6,47.6,15,,,-165.1,443.2,42,,,,,,,,,,,
,,-175.8,276.3,13,,,-240.0,161.0,8,,,-140.5,244.2,7,,,-178.3,42.7,15,,,-131.9,438.7,42,,,,,,,,,,,
,,-311.1,293.7,7,,,-208.9,178.9,8,,,-160.4,251.4,13,,,-171.6,71.0,7,,,-286.2,430.0,25,,,,,,,,,,,
,,-295.3,293.9,7,,,-196.7,176.2,8,,,-149.7,246.5,13,,,-164.3,69.9,7,,,-274.3,430.0,25,,,,,,,,,,,
,,-311.2,286.5,7,,,-210.8,168.6,8,,,-163.2,239.2,13,,,-177.3,42.2,7,,,-285.7,421.1,25,,,,,,,,,,,
,,-295.2,286.3,7,,,-198.3,166.2,8,,,-155.0,235.6,13,,,-169.7,40.6,7,,,-273.8,421.1,25,,,,,,,,,,,
,,-229.6,292.4,35,,,-330.0,174.7,8,,,-148.4,246.3,7,,,-159.5,101.6,12,,,-271.3,431.9,35,,,,,,,,,,,
,,-221.1,292.8,35,,,-314.7,171.8,8,,,-141.0,243.0,7,,,-143.6,98.1,12,,,-260.9,431.4,35,,,,,,,,,,,
,,-230.6,255.8,35,,,-331.6,164.7,8,,,-154.3,235.1,7,,,-162.8,86.4,12,,,-271.4,421.6,35,,,,,,,,,,,
,,-221.7,255.3,35,,,-316.6,162.0,8,,,-146.1,231.0,7,,,-146.6,83.2,12,,,-260.9,421.6,35,,,,,,,,,,,
,,-188.9,274.4,4,,,-331.1,163.9,30,,,-116.1,238.6,9,,,-160.5,84.6,15,,,-204.4,414.6,30,,,,,,,,,,,
,,-177.3,273.8,4,,,-317.1,161.2,30,,,-110.8,236.8,9,,,-146.6,82.4,15,,,-193.5,412.1,30,,,,,,,,,,,
,,-189.5,264.5,4,,,-333.0,153.9,30,,,-121.5,222.3,9,,,-165.7,57.3,15,,,-211.4,390.4,30,,,,,,,,,,,
,,-178.9,264.9,4,,,-319.0,151.5,30,,,-115.9,220.5,9,,,-152.0,54.8,15,,,-200.4,387.4,30,,,,,,,,,,,
,,-312.4,284.3,15,,,-333.0,152.7,8,,,-109.2,234.9,14,,,-166.2,56.8,10,,,-161.2,406.6,22,,,,,,,,,,,
,,-235.4,282.0,15,,,-323.7,151.3,8,,,-88.4,224.8,14,,,-151.8,54.3,10,,,-144.4,399.7,22,,,,,,,,,,,
,,-314.6,253.6,15,,,-335.2,140.9,8,,,-114.3,220.0,14,,,-169.5,40.6,10,,,-164.2,396.3,22,,,,,,,,,,,
,,-235.6,247.5,15,,,-325.7,139.0,8,,,-95.3,210.9,14,,,-155.3,37.8,10,,,-147.3,392.3,22,,,,,,,,,,,
,,-201.9,273.2,7,,,-322.2,151.3,30,,,-77.5,216.7,7,,,-205.2,39.7,10,ãõí¨ÇPíöñ⁄ÇPî‘ín,,-68.3,535.4,30,,,,,,,,,,,
,,-196.0,273.2,7,,,-319.2,150.7,30,,,-65.0,211.6,7,,,-156.2,28.5,10,,,-28.6,529.4,30,,,,,,,,,,,
,,-202.9,246.0,7,,,-324.7,139.8,30,,,-81.0,207.3,7,,,-211.5,9.6,10,,,-74.7,529.5,30,,,,,,,,,,,
,,-197.5,246.5,7,,,-321.4,138.2,30,,,-68.8,202.2,7,,,-162.9,-1.6,10,,,-31.6,518.6,30,,,,,,,,,,,
,,-195.4,264.4,18,,,-313.7,172.5,12,,,-169.6,210.7,15,ãûí¨ÇQíöñ⁄ÇQî‘ín,,-210.9,6.7,37,,,-24.1,529.9,20,,,,,,,,,,,
,,-177.4,264.2,18,,,-288.1,168.1,12,,,-146.7,205.0,15,,,-206.4,6.2,37,,,15.1,518.5,20,,,,,,,,,,,
,,-195.3,244.7,18,,,-320.2,138.2,12,,,-175.9,184.0,15,,,-212.9,-5.7,37,,,-32.6,500.3,20,,,,,,,,,,,
,,-181.5,241.9,18,,,-294.6,133.8,12,,,-154.3,178.8,15,,,-209.4,-8.6,37,,,6.6,490.9,20,,,,,,,,,,,
,,-314.3,245.7,15,ëDì™í¨ÇQî‘,,-287.4,167.9,30,,,-140.8,221.3,12,,,-206.4,6.2,37,,,48.3,515.5,20,,,,,,,,,,,
,,-296.7,245.1,15,,,-268.6,164.4,30,,,-126.3,217.5,12,,,-192.5,4.1,37,,,120.7,495.2,20,,,,,,,,,,,
,,-314.9,241.5,15,,,-293.6,133.3,30,,,-152.8,178.6,12,,,-209.4,-8.6,37,,,43.3,497.3,20,,,,,,,,,,,
,,-297.0,240.1,15,,,-274.8,129.8,30,,,-139.1,176.0,12,,,-195.8,-13.1,37,,,114.7,476.9,20,,,,,,,,,,,
,,-316.2,232.6,6,,,-255.1,160.4,25,,,-126.3,217.0,12,,,-192.0,-0.3,13,,,36.9,491.8,30,,,,,,,,,,,
,,-293.6,230.4,6,,,-235.8,157.1,25,,,-120.7,215.5,12,,,-164.2,-6.2,13,,,57.7,485.4,30,,,,,,,,,,,
,,-316.8,222.7,6,,,-261.3,127.6,25,,,-131.4,198.4,12,,,-193.9,-6.8,13,,,33.4,480.0,30,,,,,,,,,,,
,,-294.2,221.0,6,,,-242.3,123.8,25,,,-125.8,196.6,12,,,-165.3,-12.8,13,,,53.7,473.5,30,,,,,,,,,,,
,,-318.1,215.5,6,,,-216.1,151.1,18,,,-130.4,196.6,11,,,-193.4,-8.1,5,,,-88.7,490.5,33,,,,,,,,,,,
,,-303.7,213.1,6,,,-200.8,148.4,18,,,-118.2,193.3,11,,,-186.8,-9.2,5,,,-78.8,487.0,33,,,,,,,,,,,
,,-319.7,204.6,6,,,-218.0,142.1,18,,,-137.5,176.0,11,,,-194.5,-13.4,5,,,-93.2,474.2,33,,,,,,,,,,,
,,-305.8,202.7,6,,,-202.9,139.4,18,,,-124.1,172.4,11,,,-188.4,-15.5,5,,,-80.3,477.6,33,,,,,,,,,,,
,,-302.2,220.8,6,,,-230.0,143.5,12,,,-107.7,210.1,10,ãûí¨ÇQíöñ⁄ÇTî‘ín,,-185.6,-9.2,17,,,-41.1,433.2,20,,,,,,,,,,,
,,-298.7,220.3,6,,,-215.7,140.8,12,,,-72.6,197.9,10,,,-179.7,-10.3,17,,,-32.2,435.1,20,,,,,,,,,,,
,,-305.0,202.7,6,,,-234.0,122.5,12,,,-119.5,170.9,10,,,-187.4,-15.3,17,,,-36.7,417.3,20,,,,,,,,,,,
,,-301.3,202.0,6,,,-219.8,119.8,12,,,-80.6,162.5,10,,,-180.6,-16.6,17,,,-27.2,419.8,20,,,,,,,,,,,
,,-272.3,235.7,4,,,-215.2,140.3,10,,,-66.0,208.0,11,,,-178.2,-10.8,29,,,-5.4,442.0,20,,,,,,,,,,,
,,-229.9,234.8,4,,,-203.2,138.4,10,,,-46.2,202.9,11,,,-165.6,-14.3,29,,,19.4,448.9,20,,,,,,,,,,,
,,-274.6,224.6,4,,,-219.5,119.8,10,,,-72.6,179.5,11,,,-179.8,-17.4,29,,,2.5,414.3,20,,,,,,,,,,,
,,-230.5,220.2,4,,,-207.5,117.9,10,,,-53.1,174.9,11,,,-166.7,-20.4,29,,,27.3,421.2,20,,,,,,,,,,,
,,-266.9,223.0,4,,,-335.8,132.9,8,ãûí¨ÇPíöñ⁄ÇQî‘ín,,-72.7,178.5,30,,,-133.5,98.0,15,ãõí¨ÇPíöñ⁄ÇRî‘ín,,57.1,435.0,28,,,,,,,,,,,
,,-220.6,218.9,4,,,-320.5,130.0,8,,,-53.3,173.7,30,,,-73.6,85.7,15,,,67.5,432.0,28,,,,,,,,,,,
,,-271.3,199.5,4,,,-338.2,119.1,8,,,-76.7,163.3,30,,,-146.7,36.5,15,,,54.1,422.7,28,,,,,,,,,,,
,,-221.6,190.4,4,,,-323.2,116.3,8,,,-56.6,158.2,30,,,-87.7,24.5,15,,,64.6,421.2,28,,,,,,,,,,,
,,-219.2,231.5,9,,,-339.2,118.1,15,,,-177.8,174.8,11,ãûí¨ÇQíöñ⁄ÇPî‘ín,,-148.7,30.8,12,,,96.3,441.9,30,,,,,,,,,,,
,,-186.8,228.8,9,,,-325.0,115.5,15,,,-156.2,169.9,11,,,-89.3,17.4,12,,,110.2,438.4,30,,,,,,,,,,,
,,-220.5,198.5,9,,,-341.8,104.4,15,,,-179.7,168.6,11,,,-153.1,7.8,12,,,91.9,427.1,30,,,,,,,,,,,
,,-193.5,193.8,9,,,-327.3,102.0,15,,,-157.5,163.6,11,,,-95.4,-5.0,12,,,104.8,424.1,30,,,,,,,,,,,
,,,,,,,-314.2,128.2,8,,,-181.0,167.8,21,,,-67.1,84.1,10,ãõí¨ÇPíöñ⁄ÇUî‘ín,,46.2,414.8,30,,,,,,,,,,,
,,,,,,,-303.5,126.1,8,,,-157.5,162.6,21,,,-59.3,82.1,10,,,59.6,409.8,30,,,,,,,,,,,
,,,,,,,-318.9,101.0,8,,,-182.8,157.4,21,,,-73.6,60.6,10,,,42.2,402.4,30,,,,,,,,,,,
,,,,,,,-308.0,99.1,8,,,-159.5,152.2,21,,,-64.5,59.9,10,,,54.6,398.0,30,,,,,,,,,,,
,,,,,,,-342.3,103.4,31,,,-141.8,167.1,9,,,-41.5,78.0,12,,,41.2,398.5,20,,,,,,,,,,,
,,,,,,,-305.5,96.6,31,,,-127.7,164.2,9,,,-33.1,76.0,12,,,49.6,395.5,20,,,,,,,,,,,
,,,,,,,-343.9,93.2,31,,,-146.8,147.2,9,,,-47.6,55.9,12,,,35.2,385.7,20,,,,,,,,,,,
,,,,,,,-307.8,86.7,31,,,-132.9,144.1,9,,,-39.8,54.7,12,,,45.2,381.2,20,,,,,,,,,,,
,,,,,,,-344.7,91.5,30,,,-182.5,155.3,9,,,-73.6,60.6,14,,,-108.9,401.9,35,,,,,,,,,,,
,,,,,,,-337.8,90.1,30,,,-153.5,148.5,9,,,-32.4,52.3,14,,,-82.2,391.5,35,,,,,,,,,,,
,,,,,,,-345.5,85.9,30,,,-190.0,114.6,9,,,-82.5,22.9,14,,,-113.4,387.1,35,,,,,,,,,,,
,,,,,,,-339.7,79.0,30,,,-161.1,109.4,9,,,-40.0,15.0,14,,,-87.6,377.2,35,,,,,,,,,,,
,,,,,,,-337.0,90.1,37,,,-143.4,145.1,12,,,-153.8,0.9,42,ãõí¨ÇPíöñ⁄ÇSî‘ín,,-74.7,396.0,35,,,,,,,,,,,
,,,,,,,-324.1,87.5,37,,,-132.7,142.8,12,,,-125.2,-5.5,42,,,-63.8,391.5,35,,,,,,,,,,,
,,,,,,,-339.1,78.7,37,,,-144.9,138.9,12,,,-158.6,-22.9,42,,,-84.2,367.8,35,,,,,,,,,,,
,,,,,,,-326.2,76.1,37,,,-134.2,136.8,12,,,-130.4,-31.1,42,,,-74.2,363.9,35,,,,,,,,,,,
,,,,,,,-338.4,76.7,13,,,-152.0,138.1,12,,,-117.4,-4.9,32,,,40.4,351.9,20,,,,,,,,,,,
,,,,,,,-326.5,74.1,13,,,-134.2,133.9,12,,,-94.4,-8.9,32,,,59.7,344.9,20,,,,,,,,,,,
,,,,,,,-333.1,69.0,13,,,-159.0,109.1,12,,,-122.6,-31.8,32,,,37.4,342.5,20,,,,,,,,,,,
,,,,,,,-327.8,68.2,13,,,-140.7,105.0,12,,,-100.9,-37.5,32,,,56.7,335.1,20,,,,,,,,,,,
,,,,,,,-322.3,87.8,10,,,-120.7,162.2,9,ãûí¨ÇQíöñ⁄ÇUî‘ín,,-83.8,15.4,12,ãõí¨ÇPíöñ⁄ÇTî‘ín,,148.2,483.1,40,,,,,,,,,,,
,,,,,,,-307.1,84.4,10,,,-101.5,158.2,9,,,-64.1,11.5,12,,,188.9,469.2,40,,,,,,,,,,,
,,,,,,,-326.0,67.7,10,,,-125.4,137.1,9,,,-86.8,0.8,12,,,123.8,418.9,40,,,,,,,,,,,
,,,,,,,-311.0,65.1,10,,,-105.9,133.4,9,,,-66.5,-3.2,12,,,163.5,406.5,40,,,,,,,,,,,
,,,,,,,-297.4,126.3,12,,,-126.4,136.1,12,,,-62.0,11.2,30,,,228.5,435.6,25,,,,,,,,,,,
,,,,,,,-275.8,122.6,12,,,-117.2,134.6,12,,,-42.9,7.6,30,,,285.1,420.2,25,,,,,,,,,,,
,,,,,,,-308.4,64.5,12,,,-132.1,105.4,12,,,-65.2,-3.2,30,,,210.1,384.8,25,,,,,,,,,,,
,,,,,,,-287.6,60.1,12,,,-122.6,103.4,12,,,-46.5,-7.2,30,,,264.2,366.9,25,,,,,,,,,,,
,,,,,,,-270.2,120.6,12,ãûí¨ÇPíöñ⁄ÇTî‘ín,,-116.9,132.8,10,,,-92.5,-23.9,18,,,285.1,420.2,130,,,,,,,,,,,
,,,,,,,-259.0,118.1,12,,,-105.1,130.9,10,,,-67.7,-28.7,18,,,308.4,410.3,130,,,,,,,,,,,
,,,,,,,-282.0,60.3,12,,,-122.4,102.6,10,,,-96.1,-39.1,18,,,263.2,362.5,130,,,,,,,,,,,
,,,,,,,-270.8,58.0,12,,,-110.9,100.2,10,,,-70.1,-45.2,18,,,290.4,353.6,130,,,,,,,,,,,
,,,,,,,-246.5,116.3,12,,,-99.7,157.5,8,,,-66.4,-29.1,30,,,305.9,401.5,25,,,,,,,,,,,
,,,,,,,-209.1,109.6,12,,,-74.6,153.0,8,,,-60.1,-30.0,30,,,331.7,392.5,25,,,,,,,,,,,
,,,,,,,-252.3,91.7,12,,,-110.1,100.4,8,,,-69.6,-44.7,30,,,290.4,353.6,25,,,,,,,,,,,
,,,,,,,-214.4,84.6,12,,,-85.8,95.2,8,,,-62.6,-44.9,30,,,315.2,344.6,25,,,,,,,,,,,
,,,,,,,-257.3,83.5,34,,,-73.6,152.3,12,,,-60.1,-30.0,30,,,354.5,414.7,38,,,,,,,,,,,
,,,,,,,-250.3,82.4,34,,,-58.5,150.1,12,,,-51.6,-31.5,30,,,393.7,401.4,38,,,,,,,,,,,
,,,,,,,-258.8,77.0,34,,,-78.3,125.4,12,,,-62.6,-44.9,30,,,328.6,338.2,38,,,,,,,,,,,
,,,,,,,-251.5,75.7,34,,,-63.9,122.9,12,,,-53.1,-38.4,30,,,367.3,324.3,38,,,,,,,,,,,
,,,,,,,-248.0,89.9,11,,,-79.0,122.3,12,,,,,,,,252.2,353.1,35,,,,,,,,,,,
,,,,,,,-235.1,87.2,11,,,-65.2,120.6,12,,,,,,,,311.3,330.8,35,,,,,,,,,,,
,,,,,,,-254.8,55.8,11,,,-84.0,94.2,12,,,,,,,,238.8,310.6,35,,,,,,,,,,,
,,,,,,,-242.4,53.5,11,,,-70.4,92.2,12,,,,,,,,296.3,291.8,35,,,,,,,,,,,
,,,,,,,-225.8,85.9,14,,,-55.4,134.6,16,ãûí¨ÇQíöñ⁄ÇVî‘ín,,,,,,,333.1,307.6,35,,,,,,,,,,,
,,,,,,,-214.6,83.9,14,,,-49.2,133.1,16,,,,,,,,363.3,297.2,35,,,,,,,,,,,
,,,,,,,-231.1,58.7,14,,,-59.6,116.2,16,,,,,,,,323.1,280.4,35,,,,,,,,,,,
,,,,,,,-219.9,56.7,14,,,-52.9,115.0,16,,,,,,,,352.4,270.0,35,,,,,,,,,,,
,,,,,,,-327.4,59.8,17,ãûí¨ÇPíöñ⁄ÇRî‘ín,,-48.2,132.8,30,,,,,,,,302.2,257.2,30,,,,,,,,,,,
,,,,,,,-309.0,56.2,17,,,-41.7,131.6,30,,,,,,,,337.0,244.4,30,,,,,,,,,,,
,,,,,,,-312.3,40.0,17,,,-51.9,114.7,30,,,,,,,,297.3,246.4,30,,,,,,,,,,,
,,,,,,,-312.3,40.0,17,,,-45.5,113.5,30,,,,,,,,332.5,233.5,30,,,,,,,,,,,
,,,,,,,-308.2,56.5,12,,,-41.0,130.8,30,,,,,,,,426.4,396.9,45,,,,,,,,,,,
,,,,,,,-288.8,52.9,12,,,-33.3,129.6,30,,,,,,,,441.8,391.4,45,,,,,,,,,,,
,,,,,,,-311.1,39.7,12,,,-46.2,106.8,30,,,,,,,,413.5,366.8,45,,,,,,,,,,,
,,,,,,,-291.1,36.4,12,,,-38.8,105.3,30,,,,,,,,426.4,361.8,45,,,,,,,,,,,
,,,,,,,-311.1,38.7,10,,,-32.6,129.3,32,,,,,,,,422.3,271.4,23,,,,,,,,,,,
,,,,,,,-291.6,35.7,10,,,-26.6,128.3,32,,,,,,,,430.8,269.4,23,,,,,,,,,,,
,,,,,,,-304.8,31.1,10,,,-37.0,110.3,32,,,,,,,,417.8,248.2,23,,,,,,,,,,,
,,,,,,,-292.8,28.2,10,,,-30.6,108.8,32,,,,,,,,429.8,244.3,23,,,,,,,,,,,
,,,,,,,-304.0,29.6,20,,,-25.4,127.8,32,,,,,,,,442.7,260.5,38,,,,,,,,,,,
,,,,,,,-292.8,28.2,20,,,-18.0,118.2,32,,,,,,,,458.0,255.6,38,,,,,,,,,,,
,,,,,,,-294.5,16.7,20,,,-29.4,108.8,32,,,,,,,,441.2,250.7,38,,,,,,,,,,,
,,,,,,,-294.5,16.7,20,,,-21.4,106.8,32,,,,,,,,455.1,246.2,38,,,,,,,,,,,
,,,,,,,-282.3,51.9,10,ãûí¨ÇPíöñ⁄ÇSî‘ín,,-37.0,110.0,10,,,,,,,,469.9,243.2,26,,,,,,,,,,,
,,,,,,,-277.3,51.0,10,,,-20.2,106.0,10,,,,,,,,480.4,239.3,26,,,,,,,,,,,
,,,,,,,-285.1,34.5,10,,,-37.8,105.3,10,,,,,,,,467.9,233.8,26,,,,,,,,,,,
,,,,,,,-280.4,33.5,10,,,-21.4,102.0,10,,,,,,,,476.4,230.9,26,,,,,,,,,,,
,,,,,,,-277.7,44.7,27,,,-60.1,115.5,11,,,,,,,,510.1,235.3,28,,,,,,,,,,,
,,,,,,,-268.8,43.8,27,,,-45.7,112.5,11,,,,,,,,525.5,231.3,28,,,,,,,,,,,
,,,,,,,-280.1,32.2,27,,,-64.8,91.2,11,,,,,,,,506.1,222.9,28,,,,,,,,,,,
,,,,,,,-270.7,30.8,27,,,-51.0,88.2,11,,,,,,,,521.0,220.0,28,,,,,,,,,,,
,,,,,,,-268.4,48.2,12,,,-46.5,105.8,24,,,,,,,,531.9,225.9,27,,,,,,,,,,,
,,,,,,,-263.4,47.2,12,,,-39.0,104.6,24,,,,,,,,554.3,222.9,27,,,,,,,,,,,
,,,,,,,-270.9,34.4,12,,,-50.0,88.0,24,,,,,,,,531.4,217.0,27,,,,,,,,,,,
,,,,,,,-266.4,33.4,12,,,-42.8,86.0,24,,,,,,,,553.3,209.5,27,,,,,,,,,,,
,,,,,,,-286.6,32.9,15,,,-37.8,104.3,12,,,,,,,,558.6,258.6,30,,,,,,,,,,,
,,,,,,,-270.2,29.8,15,,,-28.1,102.1,12,,,,,,,,582.9,257.1,30,,,,,,,,,,,
,,,,,,,-290.4,11.7,15,,,-41.8,85.7,12,,,,,,,,558.6,242.8,30,,,,,,,,,,,
,,,,,,,-273.7,7.6,15,,,-32.4,84.0,12,,,,,,,,582.4,241.3,30,,,,,,,,,,,
,,,,,,,-270.6,18.4,18,,,-27.6,101.8,30,,,,,,,,570.0,235.4,34,,,,,,,,,,,
,,,,,,,-262.3,16.7,18,,,-21.7,101.1,30,,,,,,,,579.9,233.4,34,,,,,,,,,,,
,,,,,,,-272.7,6.6,18,,,-31.6,84.0,30,,,,,,,,569.0,216.6,34,,,,,,,,,,,
,,,,,,,-264.5,5.5,18,,,-25.2,82.7,30,,,,,,,,579.9,215.6,34,,,,,,,,,,,
,,,,,,,-255.3,48.1,8,,,,,,,,,,,,,473.1,202.0,25,,,,,,,,,,,
,,,,,,,-230.1,43.8,8,,,,,,,,,,,,,498.2,194.8,25,,,,,,,,,,,
,,,,,,,-260.6,19.2,8,,,,,,,,,,,,,467.9,188.4,25,,,,,,,,,,,
,,,,,,,-235.9,14.1,8,,,,,,,,,,,,,494.2,180.0,25,,,,,,,,,,,
,,,,,,,-228.4,43.3,15,,,,,,,,,,,,,474.9,184.4,25,,,,,,,,,,,
,,,,,,,-222.4,42.4,15,,,,,,,,,,,,,487.8,181.9,25,,,,,,,,,,,
,,,,,,,-234.2,14.4,15,,,,,,,,,,,,,472.4,179.0,25,,,,,,,,,,,
,,,,,,,-227.4,12.9,15,,,,,,,,,,,,,485.3,175.5,25,,,,,,,,,,,
,,,,,,,-260.3,17.7,22,,,,,,,,,,,,,520.0,183.4,35,,,,,,,,,,,
,,,,,,,-233.7,11.6,22,,,,,,,,,,,,,524.5,183.4,35,,,,,,,,,,,
,,,,,,,-262.5,4.0,22,,,,,,,,,,,,,520.5,177.5,35,,,,,,,,,,,
,,,,,,,-236.2,-0.7,22,,,,,,,,,,,,,525.0,177.9,35,,,,,,,,,,,
,,,,,,,-233.7,11.6,22,,,,,,,,,,,,,515.5,173.5,28,,,,,,,,,,,
,,,,,,,-229.2,10.2,22,,,,,,,,,,,,,523.5,173.0,28,,,,,,,,,,,
,,,,,,,-236.2,-0.7,22,,,,,,,,,,,,,514.0,166.6,28,,,,,,,,,,,
,,,,,,,-231.2,1.3,22,,,,,,,,,,,,,523.0,165.1,28,,,,,,,,,,,
,,,,,,,,,,,,,,,,,,,,,,514.0,166.6,40,,,,,,,,,,,
,,,,,,,,,,,,,,,,,,,,,,523.0,165.1,40,,,,,,,,,,,
,,,,,,,,,,,,,,,,,,,,,,513.5,148.3,40,,,,,,,,,,,
,,,,,,,,,,,,,,,,,,,,,,521.5,147.3,40,,,,,,,,,,,
,,,,,,,,,,,,,,,,,,,,,,540.3,136.4,15,,,,,,,,,,,
,,,,,,,,,,,,,,,,,,,,,,547.3,136.9,15,,,,,,,,,,,
,,,,,,,,,,,,,,,,,,,,,,540.3,130.5,15,,,,,,,,,,,
,,,,,,,,,,,,,,,,,,,,,,546.7,128.5,15,,,,,,,,,,,
,,,,,,,,,,,,,,,,,,,,,,552.2,147.3,25,,,,,,,,,,,
,,,,,,,,,,,,,,,,,,,,,,573.6,145.8,25,,,,,,,,,,,
,,,,,,,,,,,,,,,,,,,,,,552.2,134.9,25,,,,,,,,,,,
,,,,,,,,,,,,,,,,,,,,,,573.6,133.4,25,,,,,,,,,,,
,,,,,,,,,,,,,,,,,,,,,,,,,,,,,,,,,,,
,,,,,,,,,,,,,,,,,,,,,,,,,,,,,,,,,,,
,,,,,,,,,,,,,,,,,,,,,,,,,,,,,,,,,,,
,,,,,,,,,,,,,,,,,,,,,,,,,,,,,,,,,,,
,,,,,,,,,,,,,,,,,,,,,,,,,,,,,,,,,,,
,,,,,,,,,,,,,,,,,,,,,,,,,,,,,,,,,,,
,,,,,,,,,,,,,,,,,,,,,,,,,,,,,,,,,,,
,,,,,,,,,,,,,,,,,,,,,,,,,,,,,,,,,,,
,,,,,,,,,,,,,,,,,,,,,,,,,,,,,,,,,,,
,,,,,,,,,,,,,,,,,,,,,,,,,,,,,,,,,,,
,,,,,,,,,,,,,,,,,,,,,,,,,,,,,,,,,,,
,,,,,,,,,,,,,,,,,,,,,,,,,,,,,,,,,,,
,,,,,,,,,,,,,,,,,,,,,,,,,,,,,,,,,,,
,,,,,,,,,,,,,,,,,,,,,,,,,,,,,,,,,,,
,,,,,,,,,,,,,,,,,,,,,,,,,,,,,,,,,,,
,,,,,,,,,,,,,,,,,,,,,,,,,,,,,,,,,,,
,,,,,,,,,,,,,,,,,,,,,,,,,,,,,,,,,,,
,,,,,,,,,,,,,,,,,,,,,,,,,,,,,,,,,,,
,,,,,,,,,,,,,,,,,,,,,,,,,,,,,,,,,,,
,,,,,,,,,,,,,,,,,,,,,,,,,,,,,,,,,,,
,,,,,,,,,,,,,,,,,,,,,,,,,,,,,,,,,,,
,,,,,,,,,,,,,,,,,,,,,,,,,,,,,,,,,,,
,,,,,,,,,,,,,,,,,,,,,,,,,,,,,,,,,,,
,,,,,,,,,,,,,,,,,,,,,,,,,,,,,,,,,,,
,,,,,,,,,,,,,,,,,,,,,,,,,,,,,,,,,,,
,,,,,,,,,,,,,,,,,,,,,,,,,,,,,,,,,,,
,,,,,,,,,,,,,,,,,,,,,,,,,,,,,,,,,,,
,,,,,,,,,,,,,,,,,,,,,,,,,,,,,,,,,,,
,,,,,,,,,,,,,,,,,,,,,,,,,,,,,,,,,,,
,,,,,,,,,,,,,,,,,,,,,,,,,,,,,,,,,,,
,,,,,,,,,,,,,,,,,,,,,,,,,,,,,,,,,,,
,,,,,,,,,,,,,,,,,,,,,,,,,,,,,,,,,,,
,,,,,,,,,,,,,,,,,,,,,,,,,,,,,,,,,,,
,,,,,,,,,,,,,,,,,,,,,,,,,,,,,,,,,,,
,,,,,,,,,,,,,,,,,,,,,,,,,,,,,,,,,,,
,,,,,,,,,,,,,,,,,,,,,,,,,,,,,,,,,,,
,,,,,,,,,,,,,,,,,,,,,,,,,,,,,,,,,,,
,,,,,,,,,,,,,,,,,,,,,,,,,,,,,,,,,,,
,,,,,,,,,,,,,,,,,,,,,,,,,,,,,,,,,,,
,,,,,,,,,,,,,,,,,,,,,,,,,,,,,,,,,,,
,,,,,,,,,,,,,,,,,,,,,,,,,,,,,,,,,,,
,,,,,,,,,,,,,,,,,,,,,,,,,,,,,,,,,,,
,,,,,,,,,,,,,,,,,,,,,,,,,,,,,,,,,,,
,,,,,,,,,,,,,,,,,,,,,,,,,,,,,,,,,,,
,,,,,,,,,,,,,,,,,,,,,,,,,,,,,,,,,,,
,,,,,,,,,,,,,,,,,,,,,,,,,,,,,,,,,,,
,,,,,,,,,,,,,,,,,,,,,,,,,,,,,,,,,,,
,,,,,,,,,,,,,,,,,,,,,,,,,,,,,,,,,,,
,,,,,,,,,,,,,,,,,,,,,,,,,,,,,,,,,,,
,,,,,,,,,,,,,,,,,,,,,,,,,,,,,,,,,,,
,,,,,,,,,,,,,,,,,,,,,,,,,,,,,,,,,,,
,,,,,,,,,,,,,,,,,,,,,,,,,,,,,,,,,,,
,,,,,,,,,,,,,,,,,,,,,,,,,,,,,,,,,,,
,,,,,,,,,,,,,,,,,,,,,,,,,,,,,,,,,,,
,,,,,,,,,,,,,,,,,,,,,,,,,,,,,,,,,,,
,,,,,,,,,,,,,,,,,,,,,,,,,,,,,,,,,,,
,,,,,,,,,,,,,,,,,,,,,,,,,,,,,,,,,,,
,,,,,,,,,,,,,,,,,,,,,,,,,,,,,,,,,,,
,,,,,,,,,,,,,,,,,,,,,,,,,,,,,,,,,,,
,,,,,,,,,,,,,,,,,,,,,,,,,,,,,,,,,,,
,,,,,,,,,,,,,,,,,,,,,,,,,,,,,,,,,,,
,,,,,,,,,,,,,,,,,,,,,,,,,,,,,,,,,,,
,,,,,,,,,,,,,,,,,,,,,,,,,,,,,,,,,,,
,,,,,,,,,,,,,,,,,,,,,,,,,,,,,,,,,,,
,,,,,,,,,,,,,,,,,,,,,,,,,,,,,,,,,,,
,,,,,,,,,,,,,,,,,,,,,,,,,,,,,,,,,,,
,,,,,,,,,,,,,,,,,,,,,,,,,,,,,,,,,,,
,,,,,,,,,,,,,,,,,,,,,,,,,,,,,,,,,,,
,,,,,,,,,,,,,,,,,,,,,,,,,,,,,,,,,,,
,,,,,,,,,,,,,,,,,,,,,,,,,,,,,,,,,,,
,,,,,,,,,,,,,,,,,,,,,,,,,,,,,,,,,,,
,,,,,,,,,,,,,,,,,,,,,,,,,,,,,,,,,,,
,,,,,,,,,,,,,,,,,,,,,,,,,,,,,,,,,,,
,,,,,,,,,,,,,,,,,,,,,,,,,,,,,,,,,,,
,,,,,,,,,,,,,,,,,,,,,,,,,,,,,,,,,,,
,,,,,,,,,,,,,,,,,,,,,,,,,,,,,,,,,,,
,,,,,,,,,,,,,,,,,,,,,,,,,,,,,,,,,,,
,,,,,,,,,,,,,,,,,,,,,,,,,,,,,,,,,,,
,,,,,,,,,,,,,,,,,,,,,,,,,,,,,,,,,,,
,,,,,,,,,,,,,,,,,,,,,,,,,,,,,,,,,,,
,,,,,,,,,,,,,,,,,,,,,,,,,,,,,,,,,,,
,,,,,,,,,,,,,,,,,,,,,,,,,,,,,,,,,,,
,,,,,,,,,,,,,,,,,,,,,,,,,,,,,,,,,,,
,,,,,,,,,,,,,,,,,,,,,,,,,,,,,,,,,,,
,,,,,,,,,,,,,,,,,,,,,,,,,,,,,,,,,,,
,,,,,,,,,,,,,,,,,,,,,,,,,,,,,,,,,,,
,,,,,,,,,,,,,,,,,,,,,,,,,,,,,,,,,,,
,,,,,,,,,,,,,,,,,,,,,,,,,,,,,,,,,,,
